valleystream30.com/home,https://valleystream30.com/,301,TRUE,TRUE,TRUE,TRUE,/home,/
valleystream30.com/board,https://valleystream30.com/boe,301,TRUE,TRUE,TRUE,TRUE,/board,/boe
valleystream30.com/board-of-education,https://valleystream30.com/boe,301,TRUE,TRUE,TRUE,TRUE,/board-of-education,/boe
valleystream30.com/our_district,https://valleystream30.com/boe,301,TRUE,TRUE,TRUE,TRUE,/our_district,/boe
valleystream30.com/capital,https://valleystream30.com/boe,301,TRUE,TRUE,TRUE,TRUE,/capital,/boe
valleystream30.com/district-history,https://valleystream30.com/history,301,TRUE,TRUE,TRUE,TRUE,/district-history,/history
valleystream30.com/policies,https://www.boardpolicyonline.com/?b=valley_stream_30,301,TRUE,TRUE,TRUE,TRUE,/policies,/https://www.boardpolicyonline.com/?b=valley_stream_30
valleystream30.com/district-policies,https://www.boardpolicyonline.com/?b=valley_stream_30,301,TRUE,TRUE,TRUE,TRUE,/district-policies,/https://www.boardpolicyonline.com/?b=valley_stream_30
valleystream30.com/voting-information,https://valleystream30.com/voting,301,TRUE,TRUE,TRUE,TRUE,/voting-information,/voting
valleystream30.com/voting-info,https://valleystream30.com/voting,301,TRUE,TRUE,TRUE,TRUE,/voting-info,/voting
valleystream30.com/vote,https://valleystream30.com/voting,301,TRUE,TRUE,TRUE,TRUE,/vote,/voting
valleystream30.com/foil,https://www.valleystream30.com/business#freedom-of-information-foil,301,TRUE,TRUE,TRUE,TRUE,/foil,https://www.valleystream30.com/business#freedom-of-information-foil
valleystream30.com/freedom-of-information,https://www.valleystream30.com/business#freedom-of-information-foil,301,TRUE,TRUE,TRUE,TRUE,/freedom-of-information,https://www.valleystream30.com/business#freedom-of-information-foil
valleystream30.com/student-registration,https://valleystream30.com/registration,301,TRUE,TRUE,TRUE,TRUE,/student-registration,/registration
valleystream30.com/the-friendly-newsletters,https://valleystream30.com/newsletters,301,TRUE,TRUE,TRUE,TRUE,/the-friendly-newsletters,/newsletters
valleystream30.com/news,https://valleystream30.com/newsletters,301,TRUE,TRUE,TRUE,TRUE,/news,/newsletters
valleystream30.com/communication,https://valleystream30.com/newsletters,301,TRUE,TRUE,TRUE,TRUE,/communication,/newsletters
valleystream30.com/depts,https://valleystream30.com/departments,301,TRUE,TRUE,TRUE,TRUE,/depts,/departments
valleystream30.com/curriculum,https://valleystream30.com/teaching-and-learning,301,TRUE,TRUE,TRUE,TRUE,/curriculum,/teaching-and-learning
valleystream30.com/curriculum-and-instruction,https://valleystream30.com/teaching-and-learning,301,TRUE,TRUE,TRUE,TRUE,/curriculum-and-instruction,/teaching-and-learning
valleystream30.com/curriculum-instruction,https://valleystream30.com/teaching-and-learning,301,TRUE,TRUE,TRUE,TRUE,/curriculum-instruction,/teaching-and-learning
valleystream30.com/teaching,https://valleystream30.com/teaching-and-learning,301,TRUE,TRUE,TRUE,TRUE,/teaching,/teaching-and-learning
valleystream30.com/learning,https://valleystream30.com/teaching-and-learning,301,TRUE,TRUE,TRUE,TRUE,/learning,/teaching-and-learning
valleystream30.com/teaching-learning,https://valleystream30.com/teaching-and-learning,301,TRUE,TRUE,TRUE,TRUE,/teaching-learning,/teaching-and-learning
valleystream30.com/facilities,https://valleystream30.com/facilities-and-operations,301,TRUE,TRUE,TRUE,TRUE,/facilities,/facilities-and-operations
valleystream30.com/hr,https://valleystream30.com/human-resources,301,TRUE,TRUE,TRUE,TRUE,/hr,/human-resources
valleystream30.com/tech,https://valleystream30.com/technology,301,TRUE,TRUE,TRUE,TRUE,/tech,/technology
valleystream30.com/data,https://valleystream30.com/technology,301,TRUE,TRUE,TRUE,TRUE,/data,/technology
valleystream30.com/it,https://valleystream30.com/technology,301,TRUE,TRUE,TRUE,TRUE,/it,/technology
valleystream30.com/superintendent-of-schools,https://valleystream30.com/superintendent,301,TRUE,TRUE,TRUE,TRUE,/superintendent-of-schools,/superintendent
valleystream30.com/district-superintendent,https://valleystream30.com/superintendent,301,TRUE,TRUE,TRUE,TRUE,/district-superintendent,/superintendent
valleystream30.com/global-leaders-of-tomorrow,https://valleystream30.com/global-leaders,301,TRUE,TRUE,TRUE,TRUE,/global-leaders-of-tomorrow,/global-leaders
valleystream30.com/glot,https://valleystream30.com/global-leaders,301,TRUE,TRUE,TRUE,TRUE,/glot,/global-leaders
valleystream30.com/our_schools,https://valleystream30.com/schools,301,TRUE,TRUE,TRUE,TRUE,/our_schools,/schools
valleystream30.com/cs,https://valleystream30.com/clear-stream-avenue,301,TRUE,TRUE,TRUE,TRUE,/cs,/clear-stream-avenue
valleystream30.com/csa,https://valleystream30.com/clear-stream-avenue,301,TRUE,TRUE,TRUE,TRUE,/csa,/clear-stream-avenue
valleystream30.com/csas,https://valleystream30.com/clear-stream-avenue,301,TRUE,TRUE,TRUE,TRUE,/csas,/clear-stream-avenue
valleystream30.com/clearstream,https://valleystream30.com/clear-stream-avenue,301,TRUE,TRUE,TRUE,TRUE,/clearstream,/clear-stream-avenue
valleystream30.com/clearstreamavenue,https://valleystream30.com/clear-stream-avenue,301,TRUE,TRUE,TRUE,TRUE,/clearstreamavenue,/clear-stream-avenue
valleystream30.com/clearstreamave,https://valleystream30.com/clear-stream-avenue,301,TRUE,TRUE,TRUE,TRUE,/clearstreamave,/clear-stream-avenue
valleystream30.com/clearstreamavenueschool,https://valleystream30.com/clear-stream-avenue,301,TRUE,TRUE,TRUE,TRUE,/clearstreamavenueschool,/clear-stream-avenue
valleystream30.com/clearstreamaveschool,https://valleystream30.com/clear-stream-avenue,301,TRUE,TRUE,TRUE,TRUE,/clearstreamaveschool,/clear-stream-avenue
valleystream30.com/clear-stream-ave,https://valleystream30.com/clear-stream-avenue,301,TRUE,TRUE,TRUE,TRUE,/clear-stream-ave,/clear-stream-avenue
valleystream30.com/clear-stream-ave-school,https://valleystream30.com/clear-stream-avenue,301,TRUE,TRUE,TRUE,TRUE,/clear-stream-ave-school,/clear-stream-avenue
valleystream30.com/clear-stream,https://valleystream30.com/clear-stream-avenue,301,TRUE,TRUE,TRUE,TRUE,/clear-stream,/clear-stream-avenue
valleystream30.com/clear-stream-avenue-school,https://valleystream30.com/clear-stream-avenue,301,TRUE,TRUE,TRUE,TRUE,/clear-stream-avenue-school,/clear-stream-avenue
valleystream30.com/cs-supply-lists,https://valleystream30.com/clear-stream-avenue-supply-lists,301,TRUE,TRUE,TRUE,TRUE,/cs-supply-lists,/clear-stream-avenue-supply-lists
valleystream30.com/csa-supply-lists,https://valleystream30.com/clear-stream-avenue-supply-lists,301,TRUE,TRUE,TRUE,TRUE,/csa-supply-lists,/clear-stream-avenue-supply-lists
valleystream30.com/csas-supply-lists,https://valleystream30.com/clear-stream-avenue-supply-lists,301,TRUE,TRUE,TRUE,TRUE,/csas-supply-lists,/clear-stream-avenue-supply-lists
valleystream30.com/clear-stream-supply-lists,https://valleystream30.com/clear-stream-avenue-supply-lists,301,TRUE,TRUE,TRUE,TRUE,/clear-stream-supply-lists,/clear-stream-avenue-supply-lists
valleystream30.com/clear-stream-avenue-school-supply-lists,https://valleystream30.com/clear-stream-avenue-supply-lists,301,TRUE,TRUE,TRUE,TRUE,/clear-stream-avenue-school-supply-lists,/clear-stream-avenue-supply-lists
valleystream30.com/fr,https://valleystream30.com/forest-road,301,TRUE,TRUE,TRUE,TRUE,/fr,/forest-road
valleystream30.com/frs,https://valleystream30.com/forest-road,301,TRUE,TRUE,TRUE,TRUE,/frs,/forest-road
valleystream30.com/forest,https://valleystream30.com/forest-road,301,TRUE,TRUE,TRUE,TRUE,/forest,/forest-road
valleystream30.com/forestroad,https://valleystream30.com/forest-road,301,TRUE,TRUE,TRUE,TRUE,/forestroad,/forest-road
valleystream30.com/forestroadschool,https://valleystream30.com/forest-road,301,TRUE,TRUE,TRUE,TRUE,/forestroadschool,/forest-road
valleystream30.com/forest-road-school,https://valleystream30.com/forest-road,301,TRUE,TRUE,TRUE,TRUE,/forest-road-school,/forest-road
valleystream30.com/forest-rd,https://valleystream30.com/forest-road,301,TRUE,TRUE,TRUE,TRUE,/forest-rd,/forest-road
valleystream30.com/forestrd,https://valleystream30.com/forest-road,301,TRUE,TRUE,TRUE,TRUE,/forestrd,/forest-road
valleystream30.com/forestrdschool,https://valleystream30.com/forest-road,301,TRUE,TRUE,TRUE,TRUE,/forestrdschool,/forest-road
valleystream30.com/forest-rd-school,https://valleystream30.com/forest-road,301,TRUE,TRUE,TRUE,TRUE,/forest-rd-school,/forest-road
valleystream30.com/fr-supply-lists,https://valleystream30.com/forest-road-supply-lists,301,TRUE,TRUE,TRUE,TRUE,/fr-supply-lists,/forest-road-supply-lists
valleystream30.com/frs-supply-lists,https://valleystream30.com/forest-road-supply-lists,301,TRUE,TRUE,TRUE,TRUE,/frs-supply-lists,/forest-road-supply-lists
valleystream30.com/forest-supply-lists,https://valleystream30.com/forest-road-supply-lists,301,TRUE,TRUE,TRUE,TRUE,/forest-supply-lists,/forest-road-supply-lists
valleystream30.com/forest-road-school-supply-lists,https://valleystream30.com/forest-road-supply-lists,301,TRUE,TRUE,TRUE,TRUE,/forest-road-school-supply-lists,/forest-road-supply-lists
valleystream30.com/forest-rd-supply-lists,https://valleystream30.com/forest-road-supply-lists,301,TRUE,TRUE,TRUE,TRUE,/forest-rd-supply-lists,/forest-road-supply-lists
valleystream30.com/forest-rd-school-supply-lists,https://valleystream30.com/forest-road-supply-lists,301,TRUE,TRUE,TRUE,TRUE,/forest-rd-school-supply-lists,/forest-road-supply-lists
valleystream30.com/fr-pta,https://valleystream30.com/forest-road-pta,301,TRUE,TRUE,TRUE,TRUE,/fr-pta,/forest-road-pta
valleystream30.com/frs-pta,https://valleystream30.com/forest-road-pta,301,TRUE,TRUE,TRUE,TRUE,/frs-pta,/forest-road-pta
valleystream30.com/forest-pta,https://valleystream30.com/forest-road-pta,301,TRUE,TRUE,TRUE,TRUE,/forest-pta,/forest-road-pta
valleystream30.com/forest-road-school-pta,https://valleystream30.com/forest-road-pta,301,TRUE,TRUE,TRUE,TRUE,/forest-road-school-pta,/forest-road-pta
valleystream30.com/forest-rd-pta,https://valleystream30.com/forest-road-pta,301,TRUE,TRUE,TRUE,TRUE,/forest-rd-pta,/forest-road-pta
valleystream30.com/forest-rd-school-pta,https://valleystream30.com/forest-road-pta,301,TRUE,TRUE,TRUE,TRUE,/forest-rd-school-pta,/forest-road-pta
valleystream30.com/sa,https://valleystream30.com/shaw-avenue,301,TRUE,TRUE,TRUE,TRUE,/sa,/shaw-avenue
valleystream30.com/sas,https://valleystream30.com/shaw-avenue,301,TRUE,TRUE,TRUE,TRUE,/sas,/shaw-avenue
valleystream30.com/shaw,https://valleystream30.com/shaw-avenue,301,TRUE,TRUE,TRUE,TRUE,/shaw,/shaw-avenue
valleystream30.com/shawavenue,https://valleystream30.com/shaw-avenue,301,TRUE,TRUE,TRUE,TRUE,/shawavenue,/shaw-avenue
valleystream30.com/shawavenueschool,https://valleystream30.com/shaw-avenue,301,TRUE,TRUE,TRUE,TRUE,/shawavenueschool,/shaw-avenue
valleystream30.com/shaw-avenue-school,https://valleystream30.com/shaw-avenue,301,TRUE,TRUE,TRUE,TRUE,/shaw-avenue-school,/shaw-avenue
valleystream30.com/sa-supply-lists,https://valleystream30.com/shaw-avenue-supply-lists,301,TRUE,TRUE,TRUE,TRUE,/sa-supply-lists,/shaw-avenue-supply-lists
valleystream30.com/sas-supply-lists,https://valleystream30.com/shaw-avenue-supply-lists,301,TRUE,TRUE,TRUE,TRUE,/sas-supply-lists,/shaw-avenue-supply-lists
valleystream30.com/shaw-supply-lists,https://valleystream30.com/shaw-avenue-supply-lists,301,TRUE,TRUE,TRUE,TRUE,/shaw-supply-lists,/shaw-avenue-supply-lists
valleystream30.com/shaw-avenue-school-supply-lists,https://valleystream30.com/shaw-avenue-supply-lists,301,TRUE,TRUE,TRUE,TRUE,/shaw-avenue-school-supply-lists,/shaw-avenue-supply-lists
valleystream30.com/family,https://valleystream30.com/family-connections,301,TRUE,TRUE,TRUE,TRUE,/family,/family-connections
valleystream30.com/connections,https://valleystream30.com/family-connections,301,TRUE,TRUE,TRUE,TRUE,/connections,/family-connections
valleystream30.com/resources,https://valleystream30.com/family-connections,301,TRUE,TRUE,TRUE,TRUE,/resources,/family-connections
valleystream30.com/community-resources,https://valleystream30.com/family-connections,301,TRUE,TRUE,TRUE,TRUE,/community-resources,/family-connections
valleystream30.com/for_parents,https://valleystream30.com/family-connections,301,TRUE,TRUE,TRUE,TRUE,/for_parents,/family-connections
valleystream30.com/our_programs,https://valleystream30.com/family-connections,301,TRUE,TRUE,TRUE,TRUE,/our_programs,/family-connections
valleystream30.com/cal,https://valleystream30.com/calendars,301,TRUE,TRUE,TRUE,TRUE,/cal,/calendars
valleystream30.com/cals,https://valleystream30.com/calendars,301,TRUE,TRUE,TRUE,TRUE,/cals,/calendars
valleystream30.com/calendar,https://valleystream30.com/calendars,301,TRUE,TRUE,TRUE,TRUE,/calendar,/calendars
valleystream30.com/board-meetings,https://valleystream30.com/boe-meetings,301,TRUE,TRUE,TRUE,TRUE,/board-meetings,/boe-meetings
valleystream30.com/board-of-education-meetings,https://valleystream30.com/boe-meetings,301,TRUE,TRUE,TRUE,TRUE,/board-of-education-meetings,/boe-meetings
valleystream30.com/student-attendance,https://valleystream30.com/attendance,301,TRUE,TRUE,TRUE,TRUE,/student-attendance,/attendance
valleystream30.com/attendance-calendar,https://valleystream30.com/attendance,301,TRUE,TRUE,TRUE,TRUE,/attendance-calendar,/attendance
valleystream30.com/student-attendance-calendar,https://valleystream30.com/attendance,301,TRUE,TRUE,TRUE,TRUE,/student-attendance-calendar,/attendance
valleystream30.com/nassau-boces,https://valleystream30.com/boces,301,TRUE,TRUE,TRUE,TRUE,/nassau-boces,/boces
valleystream30.com/boces-calendar,https://valleystream30.com/boces,301,TRUE,TRUE,TRUE,TRUE,/boces-calendar,/boces
valleystream30.com/nassau-boces-calendar,https://valleystream30.com/boces,301,TRUE,TRUE,TRUE,TRUE,/nassau-boces-calendar,/boces
valleystream30.com/coc,https://valleystream30.com/chain-of-communication,301,TRUE,TRUE,TRUE,TRUE,/coc,/chain-of-communication
valleystream30.com/c-o-c,https://valleystream30.com/chain-of-communication,301,TRUE,TRUE,TRUE,TRUE,/c-o-c,/chain-of-communication
valleystream30.com/chain,https://valleystream30.com/chain-of-communication,301,TRUE,TRUE,TRUE,TRUE,/chain,/chain-of-communication
valleystream30.com/command,https://valleystream30.com/chain-of-communication,301,TRUE,TRUE,TRUE,TRUE,/command,/chain-of-communication
valleystream30.com/chain-of-command,https://valleystream30.com/chain-of-communication,301,TRUE,TRUE,TRUE,TRUE,/chain-of-command,/chain-of-communication
valleystream30.com/chain-of-comm,https://valleystream30.com/chain-of-communication,301,TRUE,TRUE,TRUE,TRUE,/chain-of-comm,/chain-of-communication
valleystream30.com/sitemap,https://valleystream30.com/site_map,301,TRUE,TRUE,TRUE,TRUE,/sitemap,/site_map
valleystream30.com/llms,https://valleystream30.com/llms.txt,301,TRUE,TRUE,TRUE,TRUE,/llms,/llms.txt
